{
    "Placamae": {
        "1": {
            "Nome": "Placa Mae Biostar B450MHP, Chipset B450, AMD AM4, mATX, DDR4",
            "Preco": "R$ 629,00",
            "Imagem": "https://img.terabyteshop.com.br/produto/p/placa-mae-biostar-b450mhp-chipset-b450-amd-am4-matx-ddr4_166997.png",
            "Link": "https://www.terabyteshop.com.br/produto/24546/placa-mae-biostar-b450mhp-chipset-b450-amd-am4-matx-ddr4",
            "Historico": [
                "2023-10-29",
                "R$ 629,00"
            ]
        },
        "2": {
            "Nome": "Placa Mae Biostar B450MX-S, Chipset B450, AMD AM4, mATX, DDR4",
            "Preco": "R$ 899,00",
            "Imagem": "https://img.terabyteshop.com.br/produto/p/placa-mae-biostar-b450mx-s-chipset-b450-amd-am4-matx-ddr4_138268.jpg",
            "Link": "https://www.terabyteshop.com.br/produto/20596/placa-mae-biostar-b450mx-s-chipset-b450-amd-am4-matx-ddr4",
            "Historico": [
                "2023-10-29",
                "R$ 899,00"
            ]
        },
        "3": {
            "Nome": "Placa Mae Gigabyte B450M DS3H V2, Chipset B450, AMD AM4, mATX, DDR4",
            "Preco": "R$ 899,00",
            "Imagem": "https://img.terabyteshop.com.br/produto/p/placa-mae-gigabyte-b450m-ds3h-v2-chipset-b450-amd-am4-matx-ddr4_115166.png",
            "Link": "https://www.terabyteshop.com.br/produto/16795/placa-mae-gigabyte-b450m-ds3h-v2-chipset-b450-amd-am4-matx-ddr4",
            "Historico": [
                "2023-10-29",
                "R$ 899,00"
            ]
        },
        "4": {
            "Nome": "Placa Mae Biostar A320MH 2.0, Chipset A320, AMD AM4, mATX, DDR4",
            "Preco": "R$ 619,00",
            "Imagem": "https://img.terabyteshop.com.br/produto/p/placa-mae-biostar-a320mh-ddr4-amd-am4_176016.png",
            "Link": "https://www.terabyteshop.com.br/produto/9484/placa-mae-biostar-a320mh-ddr4-amd-am4",
            "Historico": [
                "2023-10-29",
                "R$ 619,00"
            ]
        },
        "5": {
            "Nome": "Placa Mae Gigabyte B550M AORUS Elite, Chipset B550, AMD AM4, mATX, DDR4",
            "Preco": "R$ 1.299,00",
            "Imagem": "https://img.terabyteshop.com.br/produto/p/placa-mae-gigabyte-b550m-aorus-elite-chipset-b550-amd-am4-atx-ddr4_110070.png",
            "Link": "https://www.terabyteshop.com.br/produto/16145/placa-mae-gigabyte-b550m-aorus-elite-chipset-b550-amd-am4-atx-ddr4",
            "Historico": [
                "2023-10-29",
                "R$ 1.299,00"
            ]
        }
    },
    "Processador": {
        "1": {
            "Nome": "Processador AMD Ryzen 5 4600G 3.7GHz (4.2GHz Turbo), 6-Cores 12-Threads, Cooler Wraith Stealth, AM4, 100-100000147BOX",
            "Preco": "R$ 1.791,72",
            "Imagem": "https://img.terabyteshop.com.br/produto/p/processador-amd-ryzen-5-4600g-37ghz-42ghz-turbo-6-cores-12-threads-cooler-wraith-stealth-am4-100-100000147box_141665.jpg",
            "Link": "https://www.terabyteshop.com.br/produto/21317/processador-amd-ryzen-5-4600g-37ghz-42ghz-turbo-6-cores-12-threads-cooler-wraith-stealth-am4-100-100000147box",
            "Historico": [
                "2023-10-29",
                "R$ 1.791,72"
            ]
        },
        "2": {
            "Nome": "Processador AMD Ryzen 5 5500 3.6GHz (4.2GHz Turbo), 6-Cores 12-Threads, Cooler Wraith Stealth, AM4, Sem Video Integrado, 100-100000457BOX",
            "Preco": "R$ 1.499,00",
            "Imagem": "https://img.terabyteshop.com.br/produto/p/processador-amd-ryzen-5-5500-36ghz-42ghz-turbo-6-cores-12-threads-cooler-wraith-stealth-am4-100-100000457box_138946.jpg",
            "Link": "https://www.terabyteshop.com.br/produto/20782/processador-amd-ryzen-5-5500-36ghz-42ghz-turbo-6-cores-12-threads-cooler-wraith-stealth-am4-100-100000457box",
            "Historico": [
                "2023-10-29",
                "R$ 1.499,00"
            ]
        },
        "3": {
            "Nome": "Cooler Para Processador DeepCool High Performance AK400, 120mm, Intel-AMD, R-AK400-BKNNMN-G-1",
            "Preco": "R$ 229,90",
            "Imagem": "https://img.terabyteshop.com.br/produto/p/cooler-para-processador-deepcool-ak400-120mm-intel-amd-r-ak400-bknnmn-g-1_144162.jpg",
            "Link": "https://www.terabyteshop.com.br/produto/21648/cooler-para-processador-deepcool-ak400-120mm-intel-amd-r-ak400-bknnmn-g-1",
            "Historico": [
                "2023-10-29",
                "R$ 229,90"
            ]
        },
        "4": {
            "Nome": "Processador AMD Ryzen 5 5600 3.5GHz (4.4GHz Turbo), 6-Cores 12-Threads, Cooler Wraith Stealth, AM4, 100-100000927BOX",
            "Preco": "R$ 1.736,56",
            "Imagem": "https://img.terabyteshop.com.br/produto/p/processador-amd-ryzen-5-5600-35ghz-44ghz-turbo-6-cores-12-threads-cooler-wraith-stealth-am4-100-100000927box_138958.jpg",
            "Link": "https://www.terabyteshop.com.br/produto/20788/processador-amd-ryzen-5-5600-35ghz-44ghz-turbo-6-cores-12-threads-cooler-wraith-stealth-am4-100-100000927box",
            "Historico": [
                "2023-10-29",
                "R$ 1.736,56"
            ]
        },
        "5": {
            "Nome": "Processador Intel Core i5 10400F 2.90GHz (4.30GHz Turbo), 10 Geracao, 6-Cores 12-Threads, LGA 1200, BX8070110400F",
            "Preco": "R$ 1.653,79",
            "Imagem": "https://img.terabyteshop.com.br/produto/p/processador-intel-core-i5-10400f-290ghz-430ghz-turbo-10-geracao-6-cores-12-threads-lga-1200-bx8070110400f_96781.jpg",
            "Link": "https://www.terabyteshop.com.br/produto/13676/processador-intel-core-i5-10400f-290ghz-430ghz-turbo-10-geracao-6-cores-12-threads-lga-1200-bx8070110400f",
            "Historico": [
                "2023-10-29",
                "R$ 1.653,79"
            ]
        }
    },
    "Memoriaram": {
        "1": {
            "Nome": "Memoria DDR4 SuperFrame RGB, 8GB, 3200MHz, Gray",
            "Preco": "R$ 299,00",
            "Imagem": "https://img.terabyteshop.com.br/produto/p/memoria-ddr4-superframe-rgb-8gb-3200mhz-gray-sfgaosg48gb3200c22bsc_149183.png",
            "Link": "https://www.terabyteshop.com.br/produto/22131/memoria-ddr4-superframe-rgb-8gb-3200mhz-gray-sfgaosg48gb3200c22bsc",
            "Historico": [
                "2023-10-29",
                "R$ 299,00"
            ]
        },
        "2": {
            "Nome": "Memoria DDR4 SuperFrame RGB, 16GB (2x8GB), 3200MHz, Gray, SFGAOSG416GB3200C22DC",
            "Preco": "R$ 599,00",
            "Imagem": "https://img.terabyteshop.com.br/produto/p/memoria-ddr4-superframe-rgb-16gb-2x8gb-3200mhz-gray-sfgaosg416gb3200c22dc_179797.png",
            "Link": "https://www.terabyteshop.com.br/produto/25672/memoria-ddr4-superframe-rgb-16gb-2x8gb-3200mhz-gray-sfgaosg416gb3200c22dc",
            "Historico": [
                "2023-10-29",
                "R$ 599,00"
            ]
        },
        "3": {
            "Nome": "Memoria DDR4 Kingston Fury SuperFrame, 8GB, 3200Mhz, Black, KF432C16BB/8CL",
            "Preco": "R$ 259,00",
            "Imagem": "https://img.terabyteshop.com.br/produto/p/memoria-ddr4-kingston-fury-superframe-8gb-3200mhz-black-kf432c16bb8cl_155085.jpg",
            "Link": "https://www.terabyteshop.com.br/produto/23095/memoria-ddr4-kingston-fury-superframe-8gb-3200mhz-black-kf432c16bb8cl",
            "Historico": [
                "2023-10-29",
                "R$ 259,00"
            ]
        },
        "4": {
            "Nome": "Memoria DDR4 Kingston Fury SuperFrame RGB, 8GB, 3200Mhz, Black, KF432C16BBA/8CL",
            "Preco": "R$ 299,90",
            "Imagem": "https://img.terabyteshop.com.br/produto/p/memoria-ddr4-kingston-fury-superframe-rgb-8gb-3200mhz-black-kf432c16bba8cl_170162.jpg",
            "Link": "https://www.terabyteshop.com.br/produto/25032/memoria-ddr4-kingston-fury-superframe-rgb-8gb-3200mhz-black-kf432c16bba8cl",
            "Historico": [
                "2023-10-29",
                "R$ 299,90"
            ]
        },
        "5": {
            "Nome": "Kit Upgrade SuperFrame A520M Gaming + AMD Ryzen 5 5600 + Memoria DDR4 SuperFrame RGB 8GB",
            "Preco": "R$ 2.303,52",
            "Imagem": "https://img.terabyteshop.com.br/produto/p/kit-upgrade-superframe-a520m-gaming-amd-ryzen-5-5600-memoria-ddr4-superframe-rgb-8gb_179381.jpg",
            "Link": "https://www.terabyteshop.com.br/produto/26237/kit-upgrade-superframe-a520m-gaming-amd-ryzen-5-5600-memoria-ddr4-superframe-rgb-8gb",
            "Historico": [
                "2023-10-29",
                "R$ 2.303,52"
            ]
        }
    },
    "Watercooler": {
        "1": {
            "Nome": "Water Cooler SuperFrame ISENGARD, ARGB, 360mm, Intel-AMD, Controladora, Black, SF-W360",
            "Preco": "R$ 699,00",
            "Imagem": "https://img.terabyteshop.com.br/produto/p/water-cooler-superframe-isengard-argb-360mm-intel-amd-controladora-black-sf-w360_146033.png",
            "Link": "https://www.terabyteshop.com.br/produto/21866/water-cooler-superframe-isengard-argb-360mm-intel-amd-controladora-black-sf-w360",
            "Historico": [
                "2023-10-29",
                "R$ 699,00"
            ]
        },
        "2": {
            "Nome": "Water Cooler SuperFrame ISENGARD, ARGB, 240mm, Intel-AMD, Controladora, Black, SF-W240",
            "Preco": "R$ 559,00",
            "Imagem": "https://img.terabyteshop.com.br/produto/p/water-cooler-superframe-isengard-argb-240mm-intel-amd-controladora-black-sf-w240_146029.png",
            "Link": "https://www.terabyteshop.com.br/produto/21865/water-cooler-superframe-isengard-argb-240mm-intel-amd-controladora-black-sf-w240",
            "Historico": [
                "2023-10-29",
                "R$ 559,00"
            ]
        },
        "3": {
            "Nome": "Water Cooler DeepCool LE500, LED 6 Cores 240mm, Intel-AMD, R-LE500-BKLNMC-G-1",
            "Preco": "R$ 599,90",
            "Imagem": "https://img.terabyteshop.com.br/produto/p/water-cooler-deepcool-le500-led-6-cores-240mm-intel-amd-r-le500-bklnmc-g-1_149803.png",
            "Link": "https://www.terabyteshop.com.br/produto/22309/water-cooler-deepcool-le500-led-6-cores-240mm-intel-amd-r-le500-bklnmc-g-1",
            "Historico": [
                "2023-10-29",
                "R$ 599,90"
            ]
        },
        "4": {
            "Nome": "Water Cooler Gamer Ninja Spectro, ARGB, 120mm, Intel-AMD, Controladora, Black, GN-B120",
            "Preco": "R$ 429,90",
            "Imagem": "https://img.terabyteshop.com.br/produto/p/water-cooler-gamer-ninja-spectro-argb-120mm-intel-amd-controladora-black-gn-b120_172875.jpg",
            "Link": "https://www.terabyteshop.com.br/produto/24719/water-cooler-gamer-ninja-spectro-argb-120mm-intel-amd-controladora-black-gn-b120",
            "Historico": [
                "2023-10-29",
                "R$ 429,90"
            ]
        },
        "5": {
            "Nome": "Water Cooler SuperFrame ISENGARD, ARGB, 120mm, Intel-AMD, Controladora, White, SF-W120W",
            "Preco": "R$ 599,00",
            "Imagem": "https://img.terabyteshop.com.br/produto/p/water-cooler-superframe-isengard-argb-120mm-intel-amd-controladora-white-sf-w120_167079.jpg",
            "Link": "https://www.terabyteshop.com.br/produto/24554/water-cooler-superframe-isengard-argb-120mm-intel-amd-controladora-white-sf-w120",
            "Historico": [
                "2023-10-29",
                "R$ 599,00"
            ]
        }
    },
    "Fonte": {
        "1": {
            "Nome": "Fonte SuperFrame Kyber, By XPG, 750w, 80 Plus Gold, Com conector PCIe 5.0, PFC Ativo",
            "Preco": "R$ 940,00",
            "Imagem": "https://img.terabyteshop.com.br/produto/p/fonte-xpg-kyber-superframe-750w-80-plus-gold-com-conector-pcie-50-pfc-ativo-kyber750g-bk-c-br_179413.jpg",
            "Link": "https://www.terabyteshop.com.br/produto/25116/fonte-xpg-kyber-superframe-750w-80-plus-gold-com-conector-pcie-50-pfc-ativo-kyber750g-bk-c-br",
            "Historico": [
                "2023-10-29",
                "R$ 940,00"
            ]
        },
        "2": {
            "Nome": "Gabinete Gamer SuperFrame Wind, Mid Tower, Vidro Temperado, M-ATX, Black, Sem Fonte, Com 3 Fans",
            "Preco": "R$ 499,90",
            "Imagem": "https://img.terabyteshop.com.br/produto/p/gabinete-gamer-superframe-wind-mid-tower-vidro-temperado-m-atx-black-sem-fonte-com-3-fans_168646.jpg",
            "Link": "https://www.terabyteshop.com.br/produto/24840/gabinete-gamer-superframe-wind-mid-tower-vidro-temperado-m-atx-black-sem-fonte-com-3-fans",
            "Historico": [
                "2023-10-29",
                "R$ 499,90"
            ]
        },
        "3": {
            "Nome": "Fonte Duex 500FSE+, 500W, 80 Plus Bronze, PFC Ativo, DX 500FSE+",
            "Preco": "R$ 359,00",
            "Imagem": "https://img.terabyteshop.com.br/produto/p/fonte-duex-500fse-500w-80-plus-bronze-pfc-ativo-dx-500fse_153497.jpg",
            "Link": "https://www.terabyteshop.com.br/produto/22872/fonte-duex-500fse-500w-80-plus-bronze-pfc-ativo-dx-500fse",
            "Historico": [
                "2023-10-29",
                "R$ 359,00"
            ]
        },
        "4": {
            "Nome": "Fonte Gigabyte P650B 650W, 80 Plus Bronze, PFC Ativo, GP-P650B",
            "Preco": "R$ 799,00",
            "Imagem": "https://img.terabyteshop.com.br/produto/p/fonte-gigabyte-p650b-gp-p650b-650w-80-plus-bronze-pfc-ativo_54930.jpg",
            "Link": "https://www.terabyteshop.com.br/produto/9473/fonte-gigabyte-p650b-gp-p650b-650w-80-plus-bronze-pfc-ativo",
            "Historico": [
                "2023-10-29",
                "R$ 799,00"
            ]
        },
        "5": {
            "Nome": "Gabinete Gamer SuperFrame Bunker, Mid Tower, Vidro Temperado, M-ATX, Black, Sem Fonte, Com 3 Fans",
            "Preco": "R$ 899,00",
            "Imagem": "https://img.terabyteshop.com.br/produto/p/gabinete-gamer-superframe-bunker-mid-tower-vidro-temperado-m-atx-black-s-fonte-com-3-fans_175842.jpg",
            "Link": "https://www.terabyteshop.com.br/produto/24856/gabinete-gamer-superframe-bunker-mid-tower-vidro-temperado-m-atx-black-s-fonte-com-3-fans",
            "Historico": [
                "2023-10-29",
                "R$ 899,00"
            ]
        }
    },
    "SSD": {
        "1": {
            "Nome": "SSD Kingston NV2, 1TB, M.2 NVMe, 2280, Leitura 3500MBs e Gravacao 2100MBs, SNV2S/1000G",
            "Preco": "R$ 519,90",
            "Imagem": "https://img.terabyteshop.com.br/produto/p/ssd-kingston-nv2-1tb-m2-nvme-2280-leitura-3500mbs-e-gravacao-2100mbs-snv2s1000g_154119.jpg",
            "Link": "https://www.terabyteshop.com.br/produto/23000/ssd-kingston-nv2-1tb-m2-nvme-2280-leitura-3500mbs-e-gravacao-2100mbs-snv2s1000g",
            "Historico": [
                "2023-10-29",
                "R$ 519,90"
            ]
        },
        "2": {
            "Nome": "SSD Kingston A400, 480GB, Sata III, Leitura 500MBs Gravacao 450MBs, SA400S37/480G",
            "Preco": "R$ 299,00",
            "Imagem": "https://img.terabyteshop.com.br/produto/p/ssd-kingston-a400-480gb-sata-iii-leitura-500mbs-gravacao-450mbs-sa400s37480g-imp_129879.jpg",
            "Link": "https://www.terabyteshop.com.br/produto/19382/ssd-kingston-a400-480gb-sata-iii-leitura-500mbs-gravacao-450mbs-sa400s37480g-imp",
            "Historico": [
                "2023-10-29",
                "R$ 299,00"
            ]
        },
        "3": {
            "Nome": "Computador T-Home Create AMD Ryzen 5 4600G / 8GB DDR4 / SSD 240GB",
            "Preco": "R$ 2.860,93",
            "Imagem": "=\"img-responsive",
            "Link": "https://www.terabyteshop.com.br/produto/21477/computador-t-home-crate-amd-ryzen-5-4600g-ddr4-8gb-ssd-240gb",
            "Historico": [
                "2023-10-29",
                "R$ 2.860,93"
            ]
        },
        "4": {
            "Nome": "SSD WD Green 240GB, Sata III, Leitura 545MBs e Gravacao 430MBs, WDS240G3G0A",
            "Preco": "R$ 199,90",
            "Imagem": "https://img.terabyteshop.com.br/produto/p/ssd-wd-green-240gb-sata-iii-leitura-545mbs-e-gravacao-430mbs-wds240g3g0a_148557.jpg",
            "Link": "https://www.terabyteshop.com.br/produto/22118/ssd-wd-green-240gb-sata-iii-leitura-545mbs-e-gravacao-430mbs-wds240g3g0a",
            "Historico": [
                "2023-10-29",
                "R$ 199,90"
            ]
        },
        "5": {
            "Nome": "SSD Kingston A400, 120GB, Sata III, Leitura 500MBs Gravacao 320MBs, SA400S37/120G",
            "Preco": "R$ 249,00",
            "Imagem": "https://img.terabyteshop.com.br/produto/p/ssd-kingston-a400-120gb-sa400s37120g-sata-iii-leitura-500mbs-gravacao-320mbs_58311.jpg",
            "Link": "https://www.terabyteshop.com.br/produto/7442/ssd-kingston-a400-120gb-sa400s37120g-sata-iii-leitura-500mbs-gravacao-320mbs",
            "Historico": [
                "2023-10-29",
                "R$ 249,00"
            ]
        }
    },
    "Monitor": {
        "1": {
            "Nome": "SmartWatch SuperFrame Smart 700, 1.69&quot;, Bluetooth, SpO2, Monitoramento de Frequencia Cardiaca, Music Control, Compativel com Alexa, Black, SW-700-P",
            "Preco": "R$ 459,90",
            "Imagem": "https://img.terabyteshop.com.br/produto/p/smartwatch-superframe-smart-700-169-bluetooth-spo2-monitoramento-de-frequencia-cardiaca-music-control-compativel-com-alexa-black-sw-700-p_172521.jpg",
            "Link": "https://www.terabyteshop.com.br/produto/23565/smartwatch-superframe-smart-700-169-bluetooth-spo2-monitoramento-de-frequencia-cardiaca-music-control-compativel-com-alexa-black-sw-700-p",
            "Historico": [
                "2023-10-29",
                "R$ 459,90"
            ]
        },
        "2": {
            "Nome": "Monitor Gamer Ninja Byakugan, 23,8&quot;, Full HD, 75Hz, IPS, FreeSync, HDMI/VGA/DP, MGN-005-23",
            "Preco": "R$ 1.199,90",
            "Imagem": "https://img.terabyteshop.com.br/produto/p/monitor-gamer-ninja-byakugan-238-full-hd-75hz-ips-freesync-hdmivgadp-mgn-005-23_173013.png",
            "Link": "https://www.terabyteshop.com.br/produto/23762/monitor-gamer-ninja-byakugan-238-full-hd-75hz-ips-freesync-hdmivgadp-mgn-005-23",
            "Historico": [
                "2023-10-29",
                "R$ 1.199,90"
            ]
        },
        "3": {
            "Nome": "Monitor Gamer Ninja, 19.5 Pol, 60Hz, LED, 900p, HDMI / VGA, MGN-001-19S",
            "Preco": "R$ 859,00",
            "Imagem": "https://img.terabyteshop.com.br/produto/p/monitor-gamer-ninja-195-pol-5ms-60hz-led-hdmi-vga-mgn-001-19s_150243.png",
            "Link": "https://www.terabyteshop.com.br/produto/21972/monitor-gamer-ninja-195-pol-5ms-60hz-led-hdmi-vga-mgn-001-19s",
            "Historico": [
                "2023-10-29",
                "R$ 859,00"
            ]
        },
        "4": {
            "Nome": "SmartWatch SuperFrame Smart 600, 1.69&quot;, Bluetooth, SpO2, Monitoramento de Frequencia Cardiaca, Music Control, Black, SW-600-P",
            "Preco": "R$ 399,90",
            "Imagem": "https://img.terabyteshop.com.br/produto/p/smartwatch-superframe-smart-600-169-spo2-monitoramento-de-frequencia-cardiaca-music-control-black-sw-600-p_172520.jpg",
            "Link": "https://www.terabyteshop.com.br/produto/23564/smartwatch-superframe-smart-600-169-spo2-monitoramento-de-frequencia-cardiaca-music-control-black-sw-600-p",
            "Historico": [
                "2023-10-29",
                "R$ 399,90"
            ]
        },
        "5": {
            "Nome": "Monitor VX PRO, 19 Pol, LED, 60Hz, 5ms, HDMI/VGA, VX190X",
            "Preco": "R$ 419,90",
            "Imagem": "https://img.terabyteshop.com.br/produto/p/monitor-vx-pro-19-pol-led-60hz-5ms-hdmivga-vx190x_178836.jpg",
            "Link": "https://www.terabyteshop.com.br/produto/26086/monitor-vx-pro-19-pol-led-60hz-5ms-hdmivga-vx190x",
            "Historico": [
                "2023-10-29",
                "R$ 419,90"
            ]
        }
    }
}